cell_type,sex,ann_level_2,0
hematopoietic stem cell,female,Airway epithelium,0
hematopoietic stem cell,female,Alveolar epithelium,0
hematopoietic stem cell,female,Blood vessels,0
hematopoietic stem cell,female,Fibroblast lineage,0
hematopoietic stem cell,female,Hematopoietic stem cells,41
hematopoietic stem cell,female,Lymphatic EC,0
hematopoietic stem cell,female,Lymphoid,0
hematopoietic stem cell,female,Mesothelium,0
hematopoietic stem cell,female,Myeloid,0
hematopoietic stem cell,female,Smooth muscle,0
hematopoietic stem cell,female,Submucosal Gland,0
hematopoietic stem cell,male,Airway epithelium,0
hematopoietic stem cell,male,Alveolar epithelium,0
hematopoietic stem cell,male,Blood vessels,0
hematopoietic stem cell,male,Fibroblast lineage,0
hematopoietic stem cell,male,Hematopoietic stem cells,19
hematopoietic stem cell,male,Lymphatic EC,0
hematopoietic stem cell,male,Lymphoid,0
hematopoietic stem cell,male,Mesothelium,0
hematopoietic stem cell,male,Myeloid,0
hematopoietic stem cell,male,Smooth muscle,0
hematopoietic stem cell,male,Submucosal Gland,0
fibroblast,female,Airway epithelium,0
fibroblast,female,Alveolar epithelium,0
fibroblast,female,Blood vessels,0
fibroblast,female,Fibroblast lineage,88
fibroblast,female,Hematopoietic stem cells,0
fibroblast,female,Lymphatic EC,0
fibroblast,female,Lymphoid,0
fibroblast,female,Mesothelium,0
fibroblast,female,Myeloid,0
fibroblast,female,Smooth muscle,0
fibroblast,female,Submucosal Gland,0
fibroblast,male,Airway epithelium,0
fibroblast,male,Alveolar epithelium,0
fibroblast,male,Blood vessels,0
fibroblast,male,Fibroblast lineage,188
fibroblast,male,Hematopoietic stem cells,0
fibroblast,male,Lymphatic EC,0
fibroblast,male,Lymphoid,0
fibroblast,male,Mesothelium,0
fibroblast,male,Myeloid,0
fibroblast,male,Smooth muscle,0
fibroblast,male,Submucosal Gland,0
mesothelial cell,female,Airway epithelium,0
mesothelial cell,female,Alveolar epithelium,0
mesothelial cell,female,Blood vessels,0
mesothelial cell,female,Fibroblast lineage,0
mesothelial cell,female,Hematopoietic stem cells,0
mesothelial cell,female,Lymphatic EC,0
mesothelial cell,female,Lymphoid,0
mesothelial cell,female,Mesothelium,7
mesothelial cell,female,Myeloid,0
mesothelial cell,female,Smooth muscle,0
mesothelial cell,female,Submucosal Gland,0
mesothelial cell,male,Airway epithelium,0
mesothelial cell,male,Alveolar epithelium,0
mesothelial cell,male,Blood vessels,0
mesothelial cell,male,Fibroblast lineage,0
mesothelial cell,male,Hematopoietic stem cells,0
mesothelial cell,male,Lymphatic EC,0
mesothelial cell,male,Lymphoid,0
mesothelial cell,male,Mesothelium,223
mesothelial cell,male,Myeloid,0
mesothelial cell,male,Smooth muscle,0
mesothelial cell,male,Submucosal Gland,0
T cell,female,Airway epithelium,0
T cell,female,Alveolar epithelium,0
T cell,female,Blood vessels,0
T cell,female,Fibroblast lineage,0
T cell,female,Hematopoietic stem cells,0
T cell,female,Lymphatic EC,0
T cell,female,Lymphoid,378
T cell,female,Mesothelium,0
T cell,female,Myeloid,0
T cell,female,Smooth muscle,0
T cell,female,Submucosal Gland,0
T cell,male,Airway epithelium,0
T cell,male,Alveolar epithelium,0
T cell,male,Blood vessels,0
T cell,male,Fibroblast lineage,0
T cell,male,Hematopoietic stem cells,0
T cell,male,Lymphatic EC,0
T cell,male,Lymphoid,122
T cell,male,Mesothelium,0
T cell,male,Myeloid,0
T cell,male,Smooth muscle,0
T cell,male,Submucosal Gland,0
mast cell,female,Airway epithelium,0
mast cell,female,Alveolar epithelium,0
mast cell,female,Blood vessels,0
mast cell,female,Fibroblast lineage,0
mast cell,female,Hematopoietic stem cells,0
mast cell,female,Lymphatic EC,0
mast cell,female,Lymphoid,0
mast cell,female,Mesothelium,0
mast cell,female,Myeloid,3989
mast cell,female,Smooth muscle,0
mast cell,female,Submucosal Gland,0
mast cell,male,Airway epithelium,0
mast cell,male,Alveolar epithelium,0
mast cell,male,Blood vessels,0
mast cell,male,Fibroblast lineage,0
mast cell,male,Hematopoietic stem cells,0
mast cell,male,Lymphatic EC,0
mast cell,male,Lymphoid,0
mast cell,male,Mesothelium,0
mast cell,male,Myeloid,2634
mast cell,male,Smooth muscle,0
mast cell,male,Submucosal Gland,0
club cell,female,Airway epithelium,17645
club cell,female,Alveolar epithelium,0
club cell,female,Blood vessels,0
club cell,female,Fibroblast lineage,0
club cell,female,Hematopoietic stem cells,0
club cell,female,Lymphatic EC,0
club cell,female,Lymphoid,0
club cell,female,Mesothelium,0
club cell,female,Myeloid,0
club cell,female,Smooth muscle,0
club cell,female,Submucosal Gland,0
club cell,male,Airway epithelium,18378
club cell,male,Alveolar epithelium,0
club cell,male,Blood vessels,0
club cell,male,Fibroblast lineage,0
club cell,male,Hematopoietic stem cells,0
club cell,male,Lymphatic EC,0
club cell,male,Lymphoid,0
club cell,male,Mesothelium,0
club cell,male,Myeloid,0
club cell,male,Smooth muscle,0
club cell,male,Submucosal Gland,0
myofibroblast cell,female,Airway epithelium,0
myofibroblast cell,female,Alveolar epithelium,0
myofibroblast cell,female,Blood vessels,0
myofibroblast cell,female,Fibroblast lineage,364
myofibroblast cell,female,Hematopoietic stem cells,0
myofibroblast cell,female,Lymphatic EC,0
myofibroblast cell,female,Lymphoid,0
myofibroblast cell,female,Mesothelium,0
myofibroblast cell,female,Myeloid,0
myofibroblast cell,female,Smooth muscle,0
myofibroblast cell,female,Submucosal Gland,0
myofibroblast cell,male,Airway epithelium,0
myofibroblast cell,male,Alveolar epithelium,0
myofibroblast cell,male,Blood vessels,0
myofibroblast cell,male,Fibroblast lineage,352
myofibroblast cell,male,Hematopoietic stem cells,0
myofibroblast cell,male,Lymphatic EC,0
myofibroblast cell,male,Lymphoid,0
myofibroblast cell,male,Mesothelium,0
myofibroblast cell,male,Myeloid,0
myofibroblast cell,male,Smooth muscle,0
myofibroblast cell,male,Submucosal Gland,0
smooth muscle cell,female,Airway epithelium,0
smooth muscle cell,female,Alveolar epithelium,0
smooth muscle cell,female,Blood vessels,0
smooth muscle cell,female,Fibroblast lineage,0
smooth muscle cell,female,Hematopoietic stem cells,0
smooth muscle cell,female,Lymphatic EC,0
smooth muscle cell,female,Lymphoid,0
smooth muscle cell,female,Mesothelium,0
smooth muscle cell,female,Myeloid,0
smooth muscle cell,female,Smooth muscle,152
smooth muscle cell,female,Submucosal Gland,0
smooth muscle cell,male,Airway epithelium,0
smooth muscle cell,male,Alveolar epithelium,0
smooth muscle cell,male,Blood vessels,0
smooth muscle cell,male,Fibroblast lineage,0
smooth muscle cell,male,Hematopoietic stem cells,0
smooth muscle cell,male,Lymphatic EC,0
smooth muscle cell,male,Lymphoid,0
smooth muscle cell,male,Mesothelium,0
smooth muscle cell,male,Myeloid,0
smooth muscle cell,male,Smooth muscle,404
smooth muscle cell,male,Submucosal Gland,0
B cell,female,Airway epithelium,0
B cell,female,Alveolar epithelium,0
B cell,female,Blood vessels,0
B cell,female,Fibroblast lineage,0
B cell,female,Hematopoietic stem cells,0
B cell,female,Lymphatic EC,0
B cell,female,Lymphoid,1639
B cell,female,Mesothelium,0
B cell,female,Myeloid,0
B cell,female,Smooth muscle,0
B cell,female,Submucosal Gland,0
B cell,male,Airway epithelium,0
B cell,male,Alveolar epithelium,0
B cell,male,Blood vessels,0
B cell,male,Fibroblast lineage,0
B cell,male,Hematopoietic stem cells,0
B cell,male,Lymphatic EC,0
B cell,male,Lymphoid,2872
B cell,male,Mesothelium,0
B cell,male,Myeloid,0
B cell,male,Smooth muscle,0
B cell,male,Submucosal Gland,0
serous secreting cell,female,Airway epithelium,0
serous secreting cell,female,Alveolar epithelium,0
serous secreting cell,female,Blood vessels,0
serous secreting cell,female,Fibroblast lineage,0
serous secreting cell,female,Hematopoietic stem cells,0
serous secreting cell,female,Lymphatic EC,0
serous secreting cell,female,Lymphoid,0
serous secreting cell,female,Mesothelium,0
serous secreting cell,female,Myeloid,0
serous secreting cell,female,Smooth muscle,0
serous secreting cell,female,Submucosal Gland,1115
serous secreting cell,male,Airway epithelium,0
serous secreting cell,male,Alveolar epithelium,0
serous secreting cell,male,Blood vessels,0
serous secreting cell,male,Fibroblast lineage,0
serous secreting cell,male,Hematopoietic stem cells,0
serous secreting cell,male,Lymphatic EC,0
serous secreting cell,male,Lymphoid,0
serous secreting cell,male,Mesothelium,0
serous secreting cell,male,Myeloid,0
serous secreting cell,male,Smooth muscle,0
serous secreting cell,male,Submucosal Gland,357
mucus secreting cell,female,Airway epithelium,0
mucus secreting cell,female,Alveolar epithelium,0
mucus secreting cell,female,Blood vessels,0
mucus secreting cell,female,Fibroblast lineage,0
mucus secreting cell,female,Hematopoietic stem cells,0
mucus secreting cell,female,Lymphatic EC,0
mucus secreting cell,female,Lymphoid,0
mucus secreting cell,female,Mesothelium,0
mucus secreting cell,female,Myeloid,0
mucus secreting cell,female,Smooth muscle,0
mucus secreting cell,female,Submucosal Gland,217
mucus secreting cell,male,Airway epithelium,0
mucus secreting cell,male,Alveolar epithelium,0
mucus secreting cell,male,Blood vessels,0
mucus secreting cell,male,Fibroblast lineage,0
mucus secreting cell,male,Hematopoietic stem cells,0
mucus secreting cell,male,Lymphatic EC,0
mucus secreting cell,male,Lymphoid,0
mucus secreting cell,male,Mesothelium,0
mucus secreting cell,male,Myeloid,0
mucus secreting cell,male,Smooth muscle,0
mucus secreting cell,male,Submucosal Gland,320
dendritic cell,female,Airway epithelium,0
dendritic cell,female,Alveolar epithelium,0
dendritic cell,female,Blood vessels,0
dendritic cell,female,Fibroblast lineage,0
dendritic cell,female,Hematopoietic stem cells,0
dendritic cell,female,Lymphatic EC,0
dendritic cell,female,Lymphoid,0
dendritic cell,female,Mesothelium,0
dendritic cell,female,Myeloid,139
dendritic cell,female,Smooth muscle,0
dendritic cell,female,Submucosal Gland,0
dendritic cell,male,Airway epithelium,0
dendritic cell,male,Alveolar epithelium,0
dendritic cell,male,Blood vessels,0
dendritic cell,male,Fibroblast lineage,0
dendritic cell,male,Hematopoietic stem cells,0
dendritic cell,male,Lymphatic EC,0
dendritic cell,male,Lymphoid,0
dendritic cell,male,Mesothelium,0
dendritic cell,male,Myeloid,173
dendritic cell,male,Smooth muscle,0
dendritic cell,male,Submucosal Gland,0
stromal cell,female,Airway epithelium,0
stromal cell,female,Alveolar epithelium,0
stromal cell,female,Blood vessels,0
stromal cell,female,Fibroblast lineage,0
stromal cell,female,Hematopoietic stem cells,0
stromal cell,female,Lymphatic EC,0
stromal cell,female,Lymphoid,0
stromal cell,female,Mesothelium,0
stromal cell,female,Myeloid,0
stromal cell,female,Smooth muscle,256
stromal cell,female,Submucosal Gland,0
stromal cell,male,Airway epithelium,0
stromal cell,male,Alveolar epithelium,0
stromal cell,male,Blood vessels,0
stromal cell,male,Fibroblast lineage,0
stromal cell,male,Hematopoietic stem cells,0
stromal cell,male,Lymphatic EC,0
stromal cell,male,Lymphoid,0
stromal cell,male,Mesothelium,0
stromal cell,male,Myeloid,0
stromal cell,male,Smooth muscle,79
stromal cell,male,Submucosal Gland,0
alveolar macrophage,female,Airway epithelium,0
alveolar macrophage,female,Alveolar epithelium,0
alveolar macrophage,female,Blood vessels,0
alveolar macrophage,female,Fibroblast lineage,0
alveolar macrophage,female,Hematopoietic stem cells,0
alveolar macrophage,female,Lymphatic EC,0
alveolar macrophage,female,Lymphoid,0
alveolar macrophage,female,Mesothelium,0
alveolar macrophage,female,Myeloid,22435
alveolar macrophage,female,Smooth muscle,0
alveolar macrophage,female,Submucosal Gland,0
alveolar macrophage,male,Airway epithelium,0
alveolar macrophage,male,Alveolar epithelium,0
alveolar macrophage,male,Blood vessels,0
alveolar macrophage,male,Fibroblast lineage,0
alveolar macrophage,male,Hematopoietic stem cells,0
alveolar macrophage,male,Lymphatic EC,0
alveolar macrophage,male,Lymphoid,0
alveolar macrophage,male,Mesothelium,0
alveolar macrophage,male,Myeloid,56381
alveolar macrophage,male,Smooth muscle,0
alveolar macrophage,male,Submucosal Gland,0
acinar cell,female,Airway epithelium,0
acinar cell,female,Alveolar epithelium,0
acinar cell,female,Blood vessels,0
acinar cell,female,Fibroblast lineage,0
acinar cell,female,Hematopoietic stem cells,0
acinar cell,female,Lymphatic EC,0
acinar cell,female,Lymphoid,0
acinar cell,female,Mesothelium,0
acinar cell,female,Myeloid,0
acinar cell,female,Smooth muscle,0
acinar cell,female,Submucosal Gland,393
acinar cell,male,Airway epithelium,0
acinar cell,male,Alveolar epithelium,0
acinar cell,male,Blood vessels,0
acinar cell,male,Fibroblast lineage,0
acinar cell,male,Hematopoietic stem cells,0
acinar cell,male,Lymphatic EC,0
acinar cell,male,Lymphoid,0
acinar cell,male,Mesothelium,0
acinar cell,male,Myeloid,0
acinar cell,male,Smooth muscle,0
acinar cell,male,Submucosal Gland,881
natural killer cell,female,Airway epithelium,0
natural killer cell,female,Alveolar epithelium,0
natural killer cell,female,Blood vessels,0
natural killer cell,female,Fibroblast lineage,0
natural killer cell,female,Hematopoietic stem cells,0
natural killer cell,female,Lymphatic EC,0
natural killer cell,female,Lymphoid,10061
natural killer cell,female,Mesothelium,0
natural killer cell,female,Myeloid,0
natural killer cell,female,Smooth muscle,0
natural killer cell,female,Submucosal Gland,0
natural killer cell,male,Airway epithelium,0
natural killer cell,male,Alveolar epithelium,0
natural killer cell,male,Blood vessels,0
natural killer cell,male,Fibroblast lineage,0
natural killer cell,male,Hematopoietic stem cells,0
natural killer cell,male,Lymphatic EC,0
natural killer cell,male,Lymphoid,6917
natural killer cell,male,Mesothelium,0
natural killer cell,male,Myeloid,0
natural killer cell,male,Smooth muscle,0
natural killer cell,male,Submucosal Gland,0
"CD4-positive, alpha-beta T cell",female,Airway epithelium,0
"CD4-positive, alpha-beta T cell",female,Alveolar epithelium,0
"CD4-positive, alpha-beta T cell",female,Blood vessels,0
"CD4-positive, alpha-beta T cell",female,Fibroblast lineage,0
"CD4-positive, alpha-beta T cell",female,Hematopoietic stem cells,0
"CD4-positive, alpha-beta T cell",female,Lymphatic EC,0
"CD4-positive, alpha-beta T cell",female,Lymphoid,12091
"CD4-positive, alpha-beta T cell",female,Mesothelium,0
"CD4-positive, alpha-beta T cell",female,Myeloid,0
"CD4-positive, alpha-beta T cell",female,Smooth muscle,0
"CD4-positive, alpha-beta T cell",female,Submucosal Gland,0
"CD4-positive, alpha-beta T cell",male,Airway epithelium,0
"CD4-positive, alpha-beta T cell",male,Alveolar epithelium,0
"CD4-positive, alpha-beta T cell",male,Blood vessels,0
"CD4-positive, alpha-beta T cell",male,Fibroblast lineage,0
"CD4-positive, alpha-beta T cell",male,Hematopoietic stem cells,0
"CD4-positive, alpha-beta T cell",male,Lymphatic EC,0
"CD4-positive, alpha-beta T cell",male,Lymphoid,9194
"CD4-positive, alpha-beta T cell",male,Mesothelium,0
"CD4-positive, alpha-beta T cell",male,Myeloid,0
"CD4-positive, alpha-beta T cell",male,Smooth muscle,0
"CD4-positive, alpha-beta T cell",male,Submucosal Gland,0
"CD8-positive, alpha-beta T cell",female,Airway epithelium,0
"CD8-positive, alpha-beta T cell",female,Alveolar epithelium,0
"CD8-positive, alpha-beta T cell",female,Blood vessels,0
"CD8-positive, alpha-beta T cell",female,Fibroblast lineage,0
"CD8-positive, alpha-beta T cell",female,Hematopoietic stem cells,0
"CD8-positive, alpha-beta T cell",female,Lymphatic EC,0
"CD8-positive, alpha-beta T cell",female,Lymphoid,11300
"CD8-positive, alpha-beta T cell",female,Mesothelium,0
"CD8-positive, alpha-beta T cell",female,Myeloid,0
"CD8-positive, alpha-beta T cell",female,Smooth muscle,0
"CD8-positive, alpha-beta T cell",female,Submucosal Gland,0
"CD8-positive, alpha-beta T cell",male,Airway epithelium,0
"CD8-positive, alpha-beta T cell",male,Alveolar epithelium,0
"CD8-positive, alpha-beta T cell",male,Blood vessels,0
"CD8-positive, alpha-beta T cell",male,Fibroblast lineage,0
"CD8-positive, alpha-beta T cell",male,Hematopoietic stem cells,0
"CD8-positive, alpha-beta T cell",male,Lymphatic EC,0
"CD8-positive, alpha-beta T cell",male,Lymphoid,17774
"CD8-positive, alpha-beta T cell",male,Mesothelium,0
"CD8-positive, alpha-beta T cell",male,Myeloid,0
"CD8-positive, alpha-beta T cell",male,Smooth muscle,0
"CD8-positive, alpha-beta T cell",male,Submucosal Gland,0
plasmacytoid dendritic cell,female,Airway epithelium,0
plasmacytoid dendritic cell,female,Alveolar epithelium,0
plasmacytoid dendritic cell,female,Blood vessels,0
plasmacytoid dendritic cell,female,Fibroblast lineage,0
plasmacytoid dendritic cell,female,Hematopoietic stem cells,0
plasmacytoid dendritic cell,female,Lymphatic EC,0
plasmacytoid dendritic cell,female,Lymphoid,0
plasmacytoid dendritic cell,female,Mesothelium,0
plasmacytoid dendritic cell,female,Myeloid,166
plasmacytoid dendritic cell,female,Smooth muscle,0
plasmacytoid dendritic cell,female,Submucosal Gland,0
plasmacytoid dendritic cell,male,Airway epithelium,0
plasmacytoid dendritic cell,male,Alveolar epithelium,0
plasmacytoid dendritic cell,male,Blood vessels,0
plasmacytoid dendritic cell,male,Fibroblast lineage,0
plasmacytoid dendritic cell,male,Hematopoietic stem cells,0
plasmacytoid dendritic cell,male,Lymphatic EC,0
plasmacytoid dendritic cell,male,Lymphoid,0
plasmacytoid dendritic cell,male,Mesothelium,0
plasmacytoid dendritic cell,male,Myeloid,386
plasmacytoid dendritic cell,male,Smooth muscle,0
plasmacytoid dendritic cell,male,Submucosal Gland,0
plasma cell,female,Airway epithelium,0
plasma cell,female,Alveolar epithelium,0
plasma cell,female,Blood vessels,0
plasma cell,female,Fibroblast lineage,0
plasma cell,female,Hematopoietic stem cells,0
plasma cell,female,Lymphatic EC,0
plasma cell,female,Lymphoid,887
plasma cell,female,Mesothelium,0
plasma cell,female,Myeloid,0
plasma cell,female,Smooth muscle,0
plasma cell,female,Submucosal Gland,0
plasma cell,male,Airway epithelium,0
plasma cell,male,Alveolar epithelium,0
plasma cell,male,Blood vessels,0
plasma cell,male,Fibroblast lineage,0
plasma cell,male,Hematopoietic stem cells,0
plasma cell,male,Lymphatic EC,0
plasma cell,male,Lymphoid,886
plasma cell,male,Mesothelium,0
plasma cell,male,Myeloid,0
plasma cell,male,Smooth muscle,0
plasma cell,male,Submucosal Gland,0
classical monocyte,female,Airway epithelium,0
classical monocyte,female,Alveolar epithelium,0
classical monocyte,female,Blood vessels,0
classical monocyte,female,Fibroblast lineage,0
classical monocyte,female,Hematopoietic stem cells,0
classical monocyte,female,Lymphatic EC,0
classical monocyte,female,Lymphoid,0
classical monocyte,female,Mesothelium,0
classical monocyte,female,Myeloid,8276
classical monocyte,female,Smooth muscle,0
classical monocyte,female,Submucosal Gland,0
classical monocyte,male,Airway epithelium,0
classical monocyte,male,Alveolar epithelium,0
classical monocyte,male,Blood vessels,0
classical monocyte,male,Fibroblast lineage,0
classical monocyte,male,Hematopoietic stem cells,0
classical monocyte,male,Lymphatic EC,0
classical monocyte,male,Lymphoid,0
classical monocyte,male,Mesothelium,0
classical monocyte,male,Myeloid,9419
classical monocyte,male,Smooth muscle,0
classical monocyte,male,Submucosal Gland,0
elicited macrophage,female,Airway epithelium,0
elicited macrophage,female,Alveolar epithelium,0
elicited macrophage,female,Blood vessels,0
elicited macrophage,female,Fibroblast lineage,0
elicited macrophage,female,Hematopoietic stem cells,0
elicited macrophage,female,Lymphatic EC,0
elicited macrophage,female,Lymphoid,0
elicited macrophage,female,Mesothelium,0
elicited macrophage,female,Myeloid,7711
elicited macrophage,female,Smooth muscle,0
elicited macrophage,female,Submucosal Gland,0
elicited macrophage,male,Airway epithelium,0
elicited macrophage,male,Alveolar epithelium,0
elicited macrophage,male,Blood vessels,0
elicited macrophage,male,Fibroblast lineage,0
elicited macrophage,male,Hematopoietic stem cells,0
elicited macrophage,male,Lymphatic EC,0
elicited macrophage,male,Lymphoid,0
elicited macrophage,male,Mesothelium,0
elicited macrophage,male,Myeloid,20512
elicited macrophage,male,Smooth muscle,0
elicited macrophage,male,Submucosal Gland,0
non-classical monocyte,female,Airway epithelium,0
non-classical monocyte,female,Alveolar epithelium,0
non-classical monocyte,female,Blood vessels,0
non-classical monocyte,female,Fibroblast lineage,0
non-classical monocyte,female,Hematopoietic stem cells,0
non-classical monocyte,female,Lymphatic EC,0
non-classical monocyte,female,Lymphoid,0
non-classical monocyte,female,Mesothelium,0
non-classical monocyte,female,Myeloid,2311
non-classical monocyte,female,Smooth muscle,0
non-classical monocyte,female,Submucosal Gland,0
non-classical monocyte,male,Airway epithelium,0
non-classical monocyte,male,Alveolar epithelium,0
non-classical monocyte,male,Blood vessels,0
non-classical monocyte,male,Fibroblast lineage,0
non-classical monocyte,male,Hematopoietic stem cells,0
non-classical monocyte,male,Lymphatic EC,0
non-classical monocyte,male,Lymphoid,0
non-classical monocyte,male,Mesothelium,0
non-classical monocyte,male,Myeloid,6523
non-classical monocyte,male,Smooth muscle,0
non-classical monocyte,male,Submucosal Gland,0
conventional dendritic cell,female,Airway epithelium,0
conventional dendritic cell,female,Alveolar epithelium,0
conventional dendritic cell,female,Blood vessels,0
conventional dendritic cell,female,Fibroblast lineage,0
conventional dendritic cell,female,Hematopoietic stem cells,0
conventional dendritic cell,female,Lymphatic EC,0
conventional dendritic cell,female,Lymphoid,0
conventional dendritic cell,female,Mesothelium,0
conventional dendritic cell,female,Myeloid,164
conventional dendritic cell,female,Smooth muscle,0
conventional dendritic cell,female,Submucosal Gland,0
conventional dendritic cell,male,Airway epithelium,0
conventional dendritic cell,male,Alveolar epithelium,0
conventional dendritic cell,male,Blood vessels,0
conventional dendritic cell,male,Fibroblast lineage,0
conventional dendritic cell,male,Hematopoietic stem cells,0
conventional dendritic cell,male,Lymphatic EC,0
conventional dendritic cell,male,Lymphoid,0
conventional dendritic cell,male,Mesothelium,0
conventional dendritic cell,male,Myeloid,158
conventional dendritic cell,male,Smooth muscle,0
conventional dendritic cell,male,Submucosal Gland,0
type I pneumocyte,female,Airway epithelium,0
type I pneumocyte,female,Alveolar epithelium,3120
type I pneumocyte,female,Blood vessels,0
type I pneumocyte,female,Fibroblast lineage,0
type I pneumocyte,female,Hematopoietic stem cells,0
type I pneumocyte,female,Lymphatic EC,0
type I pneumocyte,female,Lymphoid,0
type I pneumocyte,female,Mesothelium,0
type I pneumocyte,female,Myeloid,0
type I pneumocyte,female,Smooth muscle,0
type I pneumocyte,female,Submucosal Gland,0
type I pneumocyte,male,Airway epithelium,0
type I pneumocyte,male,Alveolar epithelium,4817
type I pneumocyte,male,Blood vessels,0
type I pneumocyte,male,Fibroblast lineage,0
type I pneumocyte,male,Hematopoietic stem cells,0
type I pneumocyte,male,Lymphatic EC,0
type I pneumocyte,male,Lymphoid,0
type I pneumocyte,male,Mesothelium,0
type I pneumocyte,male,Myeloid,0
type I pneumocyte,male,Smooth muscle,0
type I pneumocyte,male,Submucosal Gland,0
type II pneumocyte,female,Airway epithelium,0
type II pneumocyte,female,Alveolar epithelium,31002
type II pneumocyte,female,Blood vessels,0
type II pneumocyte,female,Fibroblast lineage,0
type II pneumocyte,female,Hematopoietic stem cells,0
type II pneumocyte,female,Lymphatic EC,0
type II pneumocyte,female,Lymphoid,0
type II pneumocyte,female,Mesothelium,0
type II pneumocyte,female,Myeloid,0
type II pneumocyte,female,Smooth muscle,0
type II pneumocyte,female,Submucosal Gland,0
type II pneumocyte,male,Airway epithelium,0
type II pneumocyte,male,Alveolar epithelium,31403
type II pneumocyte,male,Blood vessels,0
type II pneumocyte,male,Fibroblast lineage,0
type II pneumocyte,male,Hematopoietic stem cells,0
type II pneumocyte,male,Lymphatic EC,0
type II pneumocyte,male,Lymphoid,0
type II pneumocyte,male,Mesothelium,0
type II pneumocyte,male,Myeloid,0
type II pneumocyte,male,Smooth muscle,0
type II pneumocyte,male,Submucosal Gland,0
brush cell of trachebronchial tree,female,Airway epithelium,55
brush cell of trachebronchial tree,female,Alveolar epithelium,0
brush cell of trachebronchial tree,female,Blood vessels,0
brush cell of trachebronchial tree,female,Fibroblast lineage,0
brush cell of trachebronchial tree,female,Hematopoietic stem cells,0
brush cell of trachebronchial tree,female,Lymphatic EC,0
brush cell of trachebronchial tree,female,Lymphoid,0
brush cell of trachebronchial tree,female,Mesothelium,0
brush cell of trachebronchial tree,female,Myeloid,0
brush cell of trachebronchial tree,female,Smooth muscle,0
brush cell of trachebronchial tree,female,Submucosal Gland,0
brush cell of trachebronchial tree,male,Airway epithelium,110
brush cell of trachebronchial tree,male,Alveolar epithelium,0
brush cell of trachebronchial tree,male,Blood vessels,0
brush cell of trachebronchial tree,male,Fibroblast lineage,0
brush cell of trachebronchial tree,male,Hematopoietic stem cells,0
brush cell of trachebronchial tree,male,Lymphatic EC,0
brush cell of trachebronchial tree,male,Lymphoid,0
brush cell of trachebronchial tree,male,Mesothelium,0
brush cell of trachebronchial tree,male,Myeloid,0
brush cell of trachebronchial tree,male,Smooth muscle,0
brush cell of trachebronchial tree,male,Submucosal Gland,0
endothelial cell of lymphatic vessel,female,Airway epithelium,0
endothelial cell of lymphatic vessel,female,Alveolar epithelium,0
endothelial cell of lymphatic vessel,female,Blood vessels,0
endothelial cell of lymphatic vessel,female,Fibroblast lineage,0
endothelial cell of lymphatic vessel,female,Hematopoietic stem cells,0
endothelial cell of lymphatic vessel,female,Lymphatic EC,1065
endothelial cell of lymphatic vessel,female,Lymphoid,0
endothelial cell of lymphatic vessel,female,Mesothelium,0
endothelial cell of lymphatic vessel,female,Myeloid,0
endothelial cell of lymphatic vessel,female,Smooth muscle,0
endothelial cell of lymphatic vessel,female,Submucosal Gland,0
endothelial cell of lymphatic vessel,male,Airway epithelium,0
endothelial cell of lymphatic vessel,male,Alveolar epithelium,0
endothelial cell of lymphatic vessel,male,Blood vessels,0
endothelial cell of lymphatic vessel,male,Fibroblast lineage,0
endothelial cell of lymphatic vessel,male,Hematopoietic stem cells,0
endothelial cell of lymphatic vessel,male,Lymphatic EC,3530
endothelial cell of lymphatic vessel,male,Lymphoid,0
endothelial cell of lymphatic vessel,male,Mesothelium,0
endothelial cell of lymphatic vessel,male,Myeloid,0
endothelial cell of lymphatic vessel,male,Smooth muscle,0
endothelial cell of lymphatic vessel,male,Submucosal Gland,0
capillary endothelial cell,female,Airway epithelium,0
capillary endothelial cell,female,Alveolar epithelium,0
capillary endothelial cell,female,Blood vessels,4435
capillary endothelial cell,female,Fibroblast lineage,0
capillary endothelial cell,female,Hematopoietic stem cells,0
capillary endothelial cell,female,Lymphatic EC,0
capillary endothelial cell,female,Lymphoid,0
capillary endothelial cell,female,Mesothelium,0
capillary endothelial cell,female,Myeloid,0
capillary endothelial cell,female,Smooth muscle,0
capillary endothelial cell,female,Submucosal Gland,0
capillary endothelial cell,male,Airway epithelium,0
capillary endothelial cell,male,Alveolar epithelium,0
capillary endothelial cell,male,Blood vessels,18770
capillary endothelial cell,male,Fibroblast lineage,0
capillary endothelial cell,male,Hematopoietic stem cells,0
capillary endothelial cell,male,Lymphatic EC,0
capillary endothelial cell,male,Lymphoid,0
capillary endothelial cell,male,Mesothelium,0
capillary endothelial cell,male,Myeloid,0
capillary endothelial cell,male,Smooth muscle,0
capillary endothelial cell,male,Submucosal Gland,0
ciliated columnar cell of tracheobronchial tree,female,Airway epithelium,12409
ciliated columnar cell of tracheobronchial tree,female,Alveolar epithelium,0
ciliated columnar cell of tracheobronchial tree,female,Blood vessels,0
ciliated columnar cell of tracheobronchial tree,female,Fibroblast lineage,0
ciliated columnar cell of tracheobronchial tree,female,Hematopoietic stem cells,0
ciliated columnar cell of tracheobronchial tree,female,Lymphatic EC,0
ciliated columnar cell of tracheobronchial tree,female,Lymphoid,0
ciliated columnar cell of tracheobronchial tree,female,Mesothelium,0
ciliated columnar cell of tracheobronchial tree,female,Myeloid,0
ciliated columnar cell of tracheobronchial tree,female,Smooth muscle,0
ciliated columnar cell of tracheobronchial tree,female,Submucosal Gland,0
ciliated columnar cell of tracheobronchial tree,male,Airway epithelium,22816
ciliated columnar cell of tracheobronchial tree,male,Alveolar epithelium,0
ciliated columnar cell of tracheobronchial tree,male,Blood vessels,0
ciliated columnar cell of tracheobronchial tree,male,Fibroblast lineage,0
ciliated columnar cell of tracheobronchial tree,male,Hematopoietic stem cells,0
ciliated columnar cell of tracheobronchial tree,male,Lymphatic EC,0
ciliated columnar cell of tracheobronchial tree,male,Lymphoid,0
ciliated columnar cell of tracheobronchial tree,male,Mesothelium,0
ciliated columnar cell of tracheobronchial tree,male,Myeloid,0
ciliated columnar cell of tracheobronchial tree,male,Smooth muscle,0
ciliated columnar cell of tracheobronchial tree,male,Submucosal Gland,0
CD1c-positive myeloid dendritic cell,female,Airway epithelium,0
CD1c-positive myeloid dendritic cell,female,Alveolar epithelium,0
CD1c-positive myeloid dendritic cell,female,Blood vessels,0
CD1c-positive myeloid dendritic cell,female,Fibroblast lineage,0
CD1c-positive myeloid dendritic cell,female,Hematopoietic stem cells,0
CD1c-positive myeloid dendritic cell,female,Lymphatic EC,0
CD1c-positive myeloid dendritic cell,female,Lymphoid,0
CD1c-positive myeloid dendritic cell,female,Mesothelium,0
CD1c-positive myeloid dendritic cell,female,Myeloid,3892
CD1c-positive myeloid dendritic cell,female,Smooth muscle,0
CD1c-positive myeloid dendritic cell,female,Submucosal Gland,0
CD1c-positive myeloid dendritic cell,male,Airway epithelium,0
CD1c-positive myeloid dendritic cell,male,Alveolar epithelium,0
CD1c-positive myeloid dendritic cell,male,Blood vessels,0
CD1c-positive myeloid dendritic cell,male,Fibroblast lineage,0
CD1c-positive myeloid dendritic cell,male,Hematopoietic stem cells,0
CD1c-positive myeloid dendritic cell,male,Lymphatic EC,0
CD1c-positive myeloid dendritic cell,male,Lymphoid,0
CD1c-positive myeloid dendritic cell,male,Mesothelium,0
CD1c-positive myeloid dendritic cell,male,Myeloid,5241
CD1c-positive myeloid dendritic cell,male,Smooth muscle,0
CD1c-positive myeloid dendritic cell,male,Submucosal Gland,0
nasal mucosa goblet cell,female,Airway epithelium,19664
nasal mucosa goblet cell,female,Alveolar epithelium,0
nasal mucosa goblet cell,female,Blood vessels,0
nasal mucosa goblet cell,female,Fibroblast lineage,0
nasal mucosa goblet cell,female,Hematopoietic stem cells,0
nasal mucosa goblet cell,female,Lymphatic EC,0
nasal mucosa goblet cell,female,Lymphoid,0
nasal mucosa goblet cell,female,Mesothelium,0
nasal mucosa goblet cell,female,Myeloid,0
nasal mucosa goblet cell,female,Smooth muscle,0
nasal mucosa goblet cell,female,Submucosal Gland,0
nasal mucosa goblet cell,male,Airway epithelium,16169
nasal mucosa goblet cell,male,Alveolar epithelium,0
nasal mucosa goblet cell,male,Blood vessels,0
nasal mucosa goblet cell,male,Fibroblast lineage,0
nasal mucosa goblet cell,male,Hematopoietic stem cells,0
nasal mucosa goblet cell,male,Lymphatic EC,0
nasal mucosa goblet cell,male,Lymphoid,0
nasal mucosa goblet cell,male,Mesothelium,0
nasal mucosa goblet cell,male,Myeloid,0
nasal mucosa goblet cell,male,Smooth muscle,0
nasal mucosa goblet cell,male,Submucosal Gland,0
vein endothelial cell,female,Airway epithelium,0
vein endothelial cell,female,Alveolar epithelium,0
vein endothelial cell,female,Blood vessels,4245
vein endothelial cell,female,Fibroblast lineage,0
vein endothelial cell,female,Hematopoietic stem cells,0
vein endothelial cell,female,Lymphatic EC,0
vein endothelial cell,female,Lymphoid,0
vein endothelial cell,female,Mesothelium,0
vein endothelial cell,female,Myeloid,0
vein endothelial cell,female,Smooth muscle,0
vein endothelial cell,female,Submucosal Gland,0
vein endothelial cell,male,Airway epithelium,0
vein endothelial cell,male,Alveolar epithelium,0
vein endothelial cell,male,Blood vessels,8730
vein endothelial cell,male,Fibroblast lineage,0
vein endothelial cell,male,Hematopoietic stem cells,0
vein endothelial cell,male,Lymphatic EC,0
vein endothelial cell,male,Lymphoid,0
vein endothelial cell,male,Mesothelium,0
vein endothelial cell,male,Myeloid,0
vein endothelial cell,male,Smooth muscle,0
vein endothelial cell,male,Submucosal Gland,0
epithelial cell of lower respiratory tract,female,Airway epithelium,960
epithelial cell of lower respiratory tract,female,Alveolar epithelium,0
epithelial cell of lower respiratory tract,female,Blood vessels,0
epithelial cell of lower respiratory tract,female,Fibroblast lineage,0
epithelial cell of lower respiratory tract,female,Hematopoietic stem cells,0
epithelial cell of lower respiratory tract,female,Lymphatic EC,0
epithelial cell of lower respiratory tract,female,Lymphoid,0
epithelial cell of lower respiratory tract,female,Mesothelium,0
epithelial cell of lower respiratory tract,female,Myeloid,0
epithelial cell of lower respiratory tract,female,Smooth muscle,0
epithelial cell of lower respiratory tract,female,Submucosal Gland,0
epithelial cell of lower respiratory tract,male,Airway epithelium,3433
epithelial cell of lower respiratory tract,male,Alveolar epithelium,0
epithelial cell of lower respiratory tract,male,Blood vessels,0
epithelial cell of lower respiratory tract,male,Fibroblast lineage,0
epithelial cell of lower respiratory tract,male,Hematopoietic stem cells,0
epithelial cell of lower respiratory tract,male,Lymphatic EC,0
epithelial cell of lower respiratory tract,male,Lymphoid,0
epithelial cell of lower respiratory tract,male,Mesothelium,0
epithelial cell of lower respiratory tract,male,Myeloid,0
epithelial cell of lower respiratory tract,male,Smooth muscle,0
epithelial cell of lower respiratory tract,male,Submucosal Gland,0
respiratory basal cell,female,Airway epithelium,32656
respiratory basal cell,female,Alveolar epithelium,0
respiratory basal cell,female,Blood vessels,0
respiratory basal cell,female,Fibroblast lineage,0
respiratory basal cell,female,Hematopoietic stem cells,0
respiratory basal cell,female,Lymphatic EC,0
respiratory basal cell,female,Lymphoid,0
respiratory basal cell,female,Mesothelium,0
respiratory basal cell,female,Myeloid,0
respiratory basal cell,female,Smooth muscle,0
respiratory basal cell,female,Submucosal Gland,0
respiratory basal cell,male,Airway epithelium,47457
respiratory basal cell,male,Alveolar epithelium,0
respiratory basal cell,male,Blood vessels,0
respiratory basal cell,male,Fibroblast lineage,0
respiratory basal cell,male,Hematopoietic stem cells,0
respiratory basal cell,male,Lymphatic EC,0
respiratory basal cell,male,Lymphoid,0
respiratory basal cell,male,Mesothelium,0
respiratory basal cell,male,Myeloid,0
respiratory basal cell,male,Smooth muscle,0
respiratory basal cell,male,Submucosal Gland,0
ionocyte,female,Airway epithelium,197
ionocyte,female,Alveolar epithelium,0
ionocyte,female,Blood vessels,0
ionocyte,female,Fibroblast lineage,0
ionocyte,female,Hematopoietic stem cells,0
ionocyte,female,Lymphatic EC,0
ionocyte,female,Lymphoid,0
ionocyte,female,Mesothelium,0
ionocyte,female,Myeloid,0
ionocyte,female,Smooth muscle,0
ionocyte,female,Submucosal Gland,0
ionocyte,male,Airway epithelium,364
ionocyte,male,Alveolar epithelium,0
ionocyte,male,Blood vessels,0
ionocyte,male,Fibroblast lineage,0
ionocyte,male,Hematopoietic stem cells,0
ionocyte,male,Lymphatic EC,0
ionocyte,male,Lymphoid,0
ionocyte,male,Mesothelium,0
ionocyte,male,Myeloid,0
ionocyte,male,Smooth muscle,0
ionocyte,male,Submucosal Gland,0
multi-ciliated epithelial cell,female,Airway epithelium,2436
multi-ciliated epithelial cell,female,Alveolar epithelium,0
multi-ciliated epithelial cell,female,Blood vessels,0
multi-ciliated epithelial cell,female,Fibroblast lineage,0
multi-ciliated epithelial cell,female,Hematopoietic stem cells,0
multi-ciliated epithelial cell,female,Lymphatic EC,0
multi-ciliated epithelial cell,female,Lymphoid,0
multi-ciliated epithelial cell,female,Mesothelium,0
multi-ciliated epithelial cell,female,Myeloid,0
multi-ciliated epithelial cell,female,Smooth muscle,0
multi-ciliated epithelial cell,female,Submucosal Gland,0
multi-ciliated epithelial cell,male,Airway epithelium,3437
multi-ciliated epithelial cell,male,Alveolar epithelium,0
multi-ciliated epithelial cell,male,Blood vessels,0
multi-ciliated epithelial cell,male,Fibroblast lineage,0
multi-ciliated epithelial cell,male,Hematopoietic stem cells,0
multi-ciliated epithelial cell,male,Lymphatic EC,0
multi-ciliated epithelial cell,male,Lymphoid,0
multi-ciliated epithelial cell,male,Mesothelium,0
multi-ciliated epithelial cell,male,Myeloid,0
multi-ciliated epithelial cell,male,Smooth muscle,0
multi-ciliated epithelial cell,male,Submucosal Gland,0
lung pericyte,female,Airway epithelium,0
lung pericyte,female,Alveolar epithelium,0
lung pericyte,female,Blood vessels,0
lung pericyte,female,Fibroblast lineage,578
lung pericyte,female,Hematopoietic stem cells,0
lung pericyte,female,Lymphatic EC,0
lung pericyte,female,Lymphoid,0
lung pericyte,female,Mesothelium,0
lung pericyte,female,Myeloid,0
lung pericyte,female,Smooth muscle,0
lung pericyte,female,Submucosal Gland,0
lung pericyte,male,Airway epithelium,0
lung pericyte,male,Alveolar epithelium,0
lung pericyte,male,Blood vessels,0
lung pericyte,male,Fibroblast lineage,2454
lung pericyte,male,Hematopoietic stem cells,0
lung pericyte,male,Lymphatic EC,0
lung pericyte,male,Lymphoid,0
lung pericyte,male,Mesothelium,0
lung pericyte,male,Myeloid,0
lung pericyte,male,Smooth muscle,0
lung pericyte,male,Submucosal Gland,0
epithelial cell of alveolus of lung,female,Airway epithelium,944
epithelial cell of alveolus of lung,female,Alveolar epithelium,0
epithelial cell of alveolus of lung,female,Blood vessels,0
epithelial cell of alveolus of lung,female,Fibroblast lineage,0
epithelial cell of alveolus of lung,female,Hematopoietic stem cells,0
epithelial cell of alveolus of lung,female,Lymphatic EC,0
epithelial cell of alveolus of lung,female,Lymphoid,0
epithelial cell of alveolus of lung,female,Mesothelium,0
epithelial cell of alveolus of lung,female,Myeloid,0
epithelial cell of alveolus of lung,female,Smooth muscle,0
epithelial cell of alveolus of lung,female,Submucosal Gland,0
epithelial cell of alveolus of lung,male,Airway epithelium,496
epithelial cell of alveolus of lung,male,Alveolar epithelium,0
epithelial cell of alveolus of lung,male,Blood vessels,0
epithelial cell of alveolus of lung,male,Fibroblast lineage,0
epithelial cell of alveolus of lung,male,Hematopoietic stem cells,0
epithelial cell of alveolus of lung,male,Lymphatic EC,0
epithelial cell of alveolus of lung,male,Lymphoid,0
epithelial cell of alveolus of lung,male,Mesothelium,0
epithelial cell of alveolus of lung,male,Myeloid,0
epithelial cell of alveolus of lung,male,Smooth muscle,0
epithelial cell of alveolus of lung,male,Submucosal Gland,0
tracheobronchial serous cell,female,Airway epithelium,0
tracheobronchial serous cell,female,Alveolar epithelium,0
tracheobronchial serous cell,female,Blood vessels,0
tracheobronchial serous cell,female,Fibroblast lineage,0
tracheobronchial serous cell,female,Hematopoietic stem cells,0
tracheobronchial serous cell,female,Lymphatic EC,0
tracheobronchial serous cell,female,Lymphoid,0
tracheobronchial serous cell,female,Mesothelium,0
tracheobronchial serous cell,female,Myeloid,0
tracheobronchial serous cell,female,Smooth muscle,0
tracheobronchial serous cell,female,Submucosal Gland,292
tracheobronchial serous cell,male,Airway epithelium,0
tracheobronchial serous cell,male,Alveolar epithelium,0
tracheobronchial serous cell,male,Blood vessels,0
tracheobronchial serous cell,male,Fibroblast lineage,0
tracheobronchial serous cell,male,Hematopoietic stem cells,0
tracheobronchial serous cell,male,Lymphatic EC,0
tracheobronchial serous cell,male,Lymphoid,0
tracheobronchial serous cell,male,Mesothelium,0
tracheobronchial serous cell,male,Myeloid,0
tracheobronchial serous cell,male,Smooth muscle,0
tracheobronchial serous cell,male,Submucosal Gland,1125
tracheobronchial goblet cell,female,Airway epithelium,440
tracheobronchial goblet cell,female,Alveolar epithelium,0
tracheobronchial goblet cell,female,Blood vessels,0
tracheobronchial goblet cell,female,Fibroblast lineage,0
tracheobronchial goblet cell,female,Hematopoietic stem cells,0
tracheobronchial goblet cell,female,Lymphatic EC,0
tracheobronchial goblet cell,female,Lymphoid,0
tracheobronchial goblet cell,female,Mesothelium,0
tracheobronchial goblet cell,female,Myeloid,0
tracheobronchial goblet cell,female,Smooth muscle,0
tracheobronchial goblet cell,female,Submucosal Gland,0
tracheobronchial goblet cell,male,Airway epithelium,528
tracheobronchial goblet cell,male,Alveolar epithelium,0
tracheobronchial goblet cell,male,Blood vessels,0
tracheobronchial goblet cell,male,Fibroblast lineage,0
tracheobronchial goblet cell,male,Hematopoietic stem cells,0
tracheobronchial goblet cell,male,Lymphatic EC,0
tracheobronchial goblet cell,male,Lymphoid,0
tracheobronchial goblet cell,male,Mesothelium,0
tracheobronchial goblet cell,male,Myeloid,0
tracheobronchial goblet cell,male,Smooth muscle,0
tracheobronchial goblet cell,male,Submucosal Gland,0
tracheobronchial smooth muscle cell,female,Airway epithelium,0
tracheobronchial smooth muscle cell,female,Alveolar epithelium,0
tracheobronchial smooth muscle cell,female,Blood vessels,0
tracheobronchial smooth muscle cell,female,Fibroblast lineage,0
tracheobronchial smooth muscle cell,female,Hematopoietic stem cells,0
tracheobronchial smooth muscle cell,female,Lymphatic EC,0
tracheobronchial smooth muscle cell,female,Lymphoid,0
tracheobronchial smooth muscle cell,female,Mesothelium,0
tracheobronchial smooth muscle cell,female,Myeloid,0
tracheobronchial smooth muscle cell,female,Smooth muscle,1411
tracheobronchial smooth muscle cell,female,Submucosal Gland,0
tracheobronchial smooth muscle cell,male,Airway epithelium,0
tracheobronchial smooth muscle cell,male,Alveolar epithelium,0
tracheobronchial smooth muscle cell,male,Blood vessels,0
tracheobronchial smooth muscle cell,male,Fibroblast lineage,0
tracheobronchial smooth muscle cell,male,Hematopoietic stem cells,0
tracheobronchial smooth muscle cell,male,Lymphatic EC,0
tracheobronchial smooth muscle cell,male,Lymphoid,0
tracheobronchial smooth muscle cell,male,Mesothelium,0
tracheobronchial smooth muscle cell,male,Myeloid,0
tracheobronchial smooth muscle cell,male,Smooth muscle,1585
tracheobronchial smooth muscle cell,male,Submucosal Gland,0
lung neuroendocrine cell,female,Airway epithelium,73
lung neuroendocrine cell,female,Alveolar epithelium,0
lung neuroendocrine cell,female,Blood vessels,0
lung neuroendocrine cell,female,Fibroblast lineage,0
lung neuroendocrine cell,female,Hematopoietic stem cells,0
lung neuroendocrine cell,female,Lymphatic EC,0
lung neuroendocrine cell,female,Lymphoid,0
lung neuroendocrine cell,female,Mesothelium,0
lung neuroendocrine cell,female,Myeloid,0
lung neuroendocrine cell,female,Smooth muscle,0
lung neuroendocrine cell,female,Submucosal Gland,0
lung neuroendocrine cell,male,Airway epithelium,86
lung neuroendocrine cell,male,Alveolar epithelium,0
lung neuroendocrine cell,male,Blood vessels,0
lung neuroendocrine cell,male,Fibroblast lineage,0
lung neuroendocrine cell,male,Hematopoietic stem cells,0
lung neuroendocrine cell,male,Lymphatic EC,0
lung neuroendocrine cell,male,Lymphoid,0
lung neuroendocrine cell,male,Mesothelium,0
lung neuroendocrine cell,male,Myeloid,0
lung neuroendocrine cell,male,Smooth muscle,0
lung neuroendocrine cell,male,Submucosal Gland,0
bronchial goblet cell,female,Airway epithelium,521
bronchial goblet cell,female,Alveolar epithelium,0
bronchial goblet cell,female,Blood vessels,0
bronchial goblet cell,female,Fibroblast lineage,0
bronchial goblet cell,female,Hematopoietic stem cells,0
bronchial goblet cell,female,Lymphatic EC,0
bronchial goblet cell,female,Lymphoid,0
bronchial goblet cell,female,Mesothelium,0
bronchial goblet cell,female,Myeloid,0
bronchial goblet cell,female,Smooth muscle,0
bronchial goblet cell,female,Submucosal Gland,0
bronchial goblet cell,male,Airway epithelium,1149
bronchial goblet cell,male,Alveolar epithelium,0
bronchial goblet cell,male,Blood vessels,0
bronchial goblet cell,male,Fibroblast lineage,0
bronchial goblet cell,male,Hematopoietic stem cells,0
bronchial goblet cell,male,Lymphatic EC,0
bronchial goblet cell,male,Lymphoid,0
bronchial goblet cell,male,Mesothelium,0
bronchial goblet cell,male,Myeloid,0
bronchial goblet cell,male,Smooth muscle,0
bronchial goblet cell,male,Submucosal Gland,0
pulmonary artery endothelial cell,female,Airway epithelium,0
pulmonary artery endothelial cell,female,Alveolar epithelium,0
pulmonary artery endothelial cell,female,Blood vessels,1552
pulmonary artery endothelial cell,female,Fibroblast lineage,0
pulmonary artery endothelial cell,female,Hematopoietic stem cells,0
pulmonary artery endothelial cell,female,Lymphatic EC,0
pulmonary artery endothelial cell,female,Lymphoid,0
pulmonary artery endothelial cell,female,Mesothelium,0
pulmonary artery endothelial cell,female,Myeloid,0
pulmonary artery endothelial cell,female,Smooth muscle,0
pulmonary artery endothelial cell,female,Submucosal Gland,0
pulmonary artery endothelial cell,male,Airway epithelium,0
pulmonary artery endothelial cell,male,Alveolar epithelium,0
pulmonary artery endothelial cell,male,Blood vessels,5839
pulmonary artery endothelial cell,male,Fibroblast lineage,0
pulmonary artery endothelial cell,male,Hematopoietic stem cells,0
pulmonary artery endothelial cell,male,Lymphatic EC,0
pulmonary artery endothelial cell,male,Lymphoid,0
pulmonary artery endothelial cell,male,Mesothelium,0
pulmonary artery endothelial cell,male,Myeloid,0
pulmonary artery endothelial cell,male,Smooth muscle,0
pulmonary artery endothelial cell,male,Submucosal Gland,0
lung macrophage,female,Airway epithelium,0
lung macrophage,female,Alveolar epithelium,0
lung macrophage,female,Blood vessels,0
lung macrophage,female,Fibroblast lineage,0
lung macrophage,female,Hematopoietic stem cells,0
lung macrophage,female,Lymphatic EC,0
lung macrophage,female,Lymphoid,0
lung macrophage,female,Mesothelium,0
lung macrophage,female,Myeloid,837
lung macrophage,female,Smooth muscle,0
lung macrophage,female,Submucosal Gland,0
lung macrophage,male,Airway epithelium,0
lung macrophage,male,Alveolar epithelium,0
lung macrophage,male,Blood vessels,0
lung macrophage,male,Fibroblast lineage,0
lung macrophage,male,Hematopoietic stem cells,0
lung macrophage,male,Lymphatic EC,0
lung macrophage,male,Lymphoid,0
lung macrophage,male,Mesothelium,0
lung macrophage,male,Myeloid,3968
lung macrophage,male,Smooth muscle,0
lung macrophage,male,Submucosal Gland,0
bronchus fibroblast of lung,female,Airway epithelium,0
bronchus fibroblast of lung,female,Alveolar epithelium,0
bronchus fibroblast of lung,female,Blood vessels,0
bronchus fibroblast of lung,female,Fibroblast lineage,499
bronchus fibroblast of lung,female,Hematopoietic stem cells,0
bronchus fibroblast of lung,female,Lymphatic EC,0
bronchus fibroblast of lung,female,Lymphoid,0
bronchus fibroblast of lung,female,Mesothelium,0
bronchus fibroblast of lung,female,Myeloid,0
bronchus fibroblast of lung,female,Smooth muscle,0
bronchus fibroblast of lung,female,Submucosal Gland,0
bronchus fibroblast of lung,male,Airway epithelium,0
bronchus fibroblast of lung,male,Alveolar epithelium,0
bronchus fibroblast of lung,male,Blood vessels,0
bronchus fibroblast of lung,male,Fibroblast lineage,1074
bronchus fibroblast of lung,male,Hematopoietic stem cells,0
bronchus fibroblast of lung,male,Lymphatic EC,0
bronchus fibroblast of lung,male,Lymphoid,0
bronchus fibroblast of lung,male,Mesothelium,0
bronchus fibroblast of lung,male,Myeloid,0
bronchus fibroblast of lung,male,Smooth muscle,0
bronchus fibroblast of lung,male,Submucosal Gland,0
alveolar type 1 fibroblast cell,female,Airway epithelium,0
alveolar type 1 fibroblast cell,female,Alveolar epithelium,0
alveolar type 1 fibroblast cell,female,Blood vessels,0
alveolar type 1 fibroblast cell,female,Fibroblast lineage,2228
alveolar type 1 fibroblast cell,female,Hematopoietic stem cells,0
alveolar type 1 fibroblast cell,female,Lymphatic EC,0
alveolar type 1 fibroblast cell,female,Lymphoid,0
alveolar type 1 fibroblast cell,female,Mesothelium,0
alveolar type 1 fibroblast cell,female,Myeloid,0
alveolar type 1 fibroblast cell,female,Smooth muscle,0
alveolar type 1 fibroblast cell,female,Submucosal Gland,0
alveolar type 1 fibroblast cell,male,Airway epithelium,0
alveolar type 1 fibroblast cell,male,Alveolar epithelium,0
alveolar type 1 fibroblast cell,male,Blood vessels,0
alveolar type 1 fibroblast cell,male,Fibroblast lineage,2954
alveolar type 1 fibroblast cell,male,Hematopoietic stem cells,0
alveolar type 1 fibroblast cell,male,Lymphatic EC,0
alveolar type 1 fibroblast cell,male,Lymphoid,0
alveolar type 1 fibroblast cell,male,Mesothelium,0
alveolar type 1 fibroblast cell,male,Myeloid,0
alveolar type 1 fibroblast cell,male,Smooth muscle,0
alveolar type 1 fibroblast cell,male,Submucosal Gland,0
alveolar type 2 fibroblast cell,female,Airway epithelium,0
alveolar type 2 fibroblast cell,female,Alveolar epithelium,0
alveolar type 2 fibroblast cell,female,Blood vessels,0
alveolar type 2 fibroblast cell,female,Fibroblast lineage,1376
alveolar type 2 fibroblast cell,female,Hematopoietic stem cells,0
alveolar type 2 fibroblast cell,female,Lymphatic EC,0
alveolar type 2 fibroblast cell,female,Lymphoid,0
alveolar type 2 fibroblast cell,female,Mesothelium,0
alveolar type 2 fibroblast cell,female,Myeloid,0
alveolar type 2 fibroblast cell,female,Smooth muscle,0
alveolar type 2 fibroblast cell,female,Submucosal Gland,0
alveolar type 2 fibroblast cell,male,Airway epithelium,0
alveolar type 2 fibroblast cell,male,Alveolar epithelium,0
alveolar type 2 fibroblast cell,male,Blood vessels,0
alveolar type 2 fibroblast cell,male,Fibroblast lineage,8945
alveolar type 2 fibroblast cell,male,Hematopoietic stem cells,0
alveolar type 2 fibroblast cell,male,Lymphatic EC,0
alveolar type 2 fibroblast cell,male,Lymphoid,0
alveolar type 2 fibroblast cell,male,Mesothelium,0
alveolar type 2 fibroblast cell,male,Myeloid,0
alveolar type 2 fibroblast cell,male,Smooth muscle,0
alveolar type 2 fibroblast cell,male,Submucosal Gland,0
respiratory hillock cell,female,Airway epithelium,2478
respiratory hillock cell,female,Alveolar epithelium,0
respiratory hillock cell,female,Blood vessels,0
respiratory hillock cell,female,Fibroblast lineage,0
respiratory hillock cell,female,Hematopoietic stem cells,0
respiratory hillock cell,female,Lymphatic EC,0
respiratory hillock cell,female,Lymphoid,0
respiratory hillock cell,female,Mesothelium,0
respiratory hillock cell,female,Myeloid,0
respiratory hillock cell,female,Smooth muscle,0
respiratory hillock cell,female,Submucosal Gland,0
respiratory hillock cell,male,Airway epithelium,2122
respiratory hillock cell,male,Alveolar epithelium,0
respiratory hillock cell,male,Blood vessels,0
respiratory hillock cell,male,Fibroblast lineage,0
respiratory hillock cell,male,Hematopoietic stem cells,0
respiratory hillock cell,male,Lymphatic EC,0
respiratory hillock cell,male,Lymphoid,0
respiratory hillock cell,male,Mesothelium,0
respiratory hillock cell,male,Myeloid,0
respiratory hillock cell,male,Smooth muscle,0
respiratory hillock cell,male,Submucosal Gland,0
